Position,Name,Laser #,Row,PFO #
1, Chevy17HDDA WD A42,2,1,342
2, Chevy17HDDA SPv A46,3,1,309
3, Chevy17HDDA SPv A1-A2-A9-A10,4,1,301
3, Chevy17HDDA SPv A1-A2-A9-A10,4,2,302
4, Chevy17HDDA WD A1-A9,5,1,5
4, Chevy17HDDA WD A1-A9,5,2,9
5, Chevy17HDDA WD A2-A10,6,1,2
5, Chevy17HDDA WD A2-A10,6,2,10
6, Chevy17HDDA WD A44,7,1,44
7, Chevy17HDDA SPv A44,8,1,307
8, Chevy17HDDA SPv A42,9,1,305
9, Chevy17HDDA WD A46,10,1,46
10, Chevy17HDDA WD B5-B6-C1-C2,11,1,52
10, Chevy17HDDA WD B5-B6-C1-C2,11,2,53
10, Chevy17HDDA WD B5-B6-C1-C2,11,3,65
10, Chevy17HDDA WD B5-B6-C1-C2,11,4,66
11, Chevy17HDDA SPv L3-L4,12,1,315
11, Chevy17HDDA SPv L3-L4,12,2,316
12, Chevy17HDDA WD J4-J5,13,1,128
12, Chevy17HDDA WD J4-J5,13,2,129
13, Chevy17HDDA WD I3,14,1,123
14, Chevy17HDDA WD F1-F2,15,1,102
15, Chevy17HDDA WD G3,16,1,114
16, Chevy17HDDA WD H4-H5,17,1,119
16, Chevy17HDDA WD H4-H5,17,2,120
17, Chevy17HDDA SPv M3-M4,18,1,326
17, Chevy17HDDA SPv M3-M4,18,2,321
18, Chevy17HDDA WD D5-D6-E1-E2,19,1,79
18, Chevy17HDDA WD D5-D6-E1-E2,19,2,80
18, Chevy17HDDA WD D5-D6-E1-E2,19,3,92
18, Chevy17HDDA WD D5-D6-E1-E2,19,4,93
19, Chevy17HDDA WD A43,20,1,43
20, Chevy17HDDA SPv A47,21,1,308
21, Chevy17HDDA SPv A26-A27-A34-A35,22,1,303
21, Chevy17HDDA SPv A26-A27-A34-A35,22,2,304
22, Chevy17HDDA WD A27-A35,23,1,27
22, Chevy17HDDA WD A27-A35,23,2,35
23, Chevy17HDDA WD A26-A34,24,1,26
23, Chevy17HDDA WD A26-A34,24,2,34
24, Chevy17HDDA WD A45,25,1,45
25, Chevy17HDDA SPv A45,26,1,310
26, Chevy17HDDA SPv A43,27,1,306
27, Chevy17HDDA WD A47,28,1,47
28, Chevy17HDDA WD M3,29,1,139
29, Chevy17HDDA SPv M1-M2,30,1,324
29, Chevy17HDDA SPv M1-M2,30,2,325
30, Chevy17HDDA WD M4,31,1,140
31, Chevy17HDDA SPv M5-M6,32,1,328
31, Chevy17HDDA SPv M5-M6,32,2,329
32, Chevy17HDDA SPv E5-E6,33,1,314
33, Chevy17HDDA WD D1,34,1,75
34, Chevy17HDDA WD A28-A29-A30-A31-A32-A33,35,1,28
35, Chevy17HDDA WD A23-A24-A25,36,1,23
35, Chevy17HDDA WD A23-A24-A25,36,2,24
35, Chevy17HDDA WD A23-A24-A25,36,3,25
36, Chevy17HDDA WD A3-A4-A5-A6-A7-A8,37,1,3
37, Chevy17HDDA WD B1,38,1,48
38, Chevy17HDDA SPv C5-C6,39,1,312
39, Chevy17HDDA WD L3,40,1,133
40, Chevy17HDDA SPv L1-L2,41,1,317
40, Chevy17HDDA SPv L1-L2,41,2,332
41, Chevy17HDDA WD L4,42,1,134
42, Chevy17HDDA SPv L5-L6,43,1,322
42, Chevy17HDDA SPv L5-L6,43,2,323
