1, Chevy17HDDB WD G1-H1, 45, 1, 112
1, Chevy17HDDB WD G1-H1, 45, 2, 116
2, Chevy17HDDB WD H2-H3, 46, 1, 117
2, Chevy17HDDB WD H2-H3, 46, 2, 118
3, Chevy17HDDB WD J2-J3, 47, 1, 126
3, Chevy17HDDB WD J2-J3, 47, 2, 127
4, Chevy17HDDB WD I1-J1, 48, 1, 121
4, Chevy17HDDB WD I1-J1, 48, 2, 125
5, Chevy17HDDB WD K1, 49, 1, 130
6, Chevy17HDDB WD A11-A12-A17, 50, 1, 11
6, Chevy17HDDB WD A11-A12-A17, 50, 2, 12
6, Chevy17HDDB WD A11-A12-A17, 50, 3, 17
7, Chevy17HDDB WD F8-F9-F10, 51, 1, 109
7, Chevy17HDDB WD F8-F9-F10, 51, 2, 110
7, Chevy17HDDB WD F8-F9-F10, 51, 3, 111
8, Chevy17HDDB WD F6-F7, 52, 1, 108
9, Chevy17HDDB WD F3-F4-F5, 53, 1, 104
9, Chevy17HDDB WD F3-F4-F5, 53, 2, 105
9, Chevy17HDDB WD F3-F4-F5, 53, 3, 106
10, Chevy17HDDB WD A18-A36-A37, 54, 1, 18
10, Chevy17HDDB WD A18-A36-A37, 54, 2, 36
10, Chevy17HDDB WD A18-A36-A37, 54, 3, 37
11, Chevy17HDDB SPv E3-E4, 55, 1, 313
12, Chevy17HDDB WD A38-A39, 56, 1, 38
12, Chevy17HDDB WD A38-A39, 56, 2, 39
13, Chevy17HDDB WD A13-A14, 57, 1, 13
13, Chevy17HDDB WD A13-A14, 57, 2, 14
14, Chevy17HDDB SPv C3-C4, 58, 1, 311
15, Chevy17HDDB WD A15-A16, 59, 1, 15
15, Chevy17HDDB WD A15-A16, 59, 2, 16
16, Chevy2017B WD A40-A41, 60, 1, 40
16, Chevy2017B WD A40-A41, 60, 2, 41
17, Chevy17HDDB SPv K1, 61, 1, 318
18, Chevy17HDDB WD D2-D3-D4, 62, 1, 76
18, Chevy17HDDB WD D2-D3-D4, 62, 2, 77
18, Chevy17HDDB WD D2-D3-D4, 62, 3, 78
19, Chevy17HDDB WD B2-B3-B4, 63, 1, 49
19, Chevy17HDDB WD B2-B3-B4, 63, 2, 50
19, Chevy17HDDB WD B2-B3-B4, 63, 3, 51
20, Chevy17HDDB WD C3-C4-C5-C6, 64, 1, 67
20, Chevy17HDDB WD C3-C4-C5-C6, 64, 2, 68
20, Chevy17HDDB WD C3-C4-C5-C6, 64, 3, 69
20, Chevy17HDDB WD C3-C4-C5-C6, 64, 4, 70
21, Chevy17HDDB WD L1-L2, 65, 1, 131
21, Chevy17HDDB WD L1-L2, 65, 2, 132
22, Chevy17HDDB WD L5-L6, 66, 1, 135
22, Chevy17HDDB WD L5-L6, 66, 2, 136
23, Chevy17HDDB WD M5-M6, 67, 1, 141
23, Chevy17HDDB WD M5-M6, 67, 2, 142
24, Chevy17HDDB WD M1-M2, 68, 1, 137
24, Chevy17HDDB WD M1-M2, 68, 2, 138
25, Chevy17HDDB WD E3-E4-E5-E6, 69, 1, 394
25, Chevy17HDDB WD E3-E4-E5-E6, 69, 2, 395
25, Chevy17HDDB WD E3-E4-E5-E6, 69, 3, 396
25, Chevy17HDDB WD E3-E4-E5-E6, 69, 4, 397
